{"Actif Immobilis\u00e9": 555.0, "Stock": 140.0, "Cr\u00e9ances": 778.0, "Tr\u00e9sorerie actif": 444.0, "Capitaux Propre": 475.0, "Dette de financement": 200.0, "Dette \u00e0 court terme": 78.0, "Actif": 1917.0, "Passif": 753.0, "Fond de Roulement": 597.0, "Besoin de fond de Roulement": 840.0, "Tr\u00e9sorerie net": -243.0, "Financement Permanent": 1.2162162162162162, "Autonomie_Financi\u00e9re": 0.7037037037037037, "Solvabilit\u00e9 G\u00e9neral": 6.89568345323741, "Capacit\u00e9 de Remboursement": 2.375}